{
    "model_name": "HuggingFaceTB/SmolVLM2-2.2B-Instruct",
    "model_load_time": 10.597728252410889,
    "total_time": 3871.9954109191895,
    "summary_inference": {
        "mean": 11.96344640070222,
        "min": 1.8982362747192383,
        "max": 17.22833776473999,
        "std": 3.3097401493167316
    },
    "category_inference": {
        "mean": 2.2850683536036867,
        "min": 0.494321346282959,
        "max": 5.669778108596802,
        "std": 1.1350061770088813
    },
    "evaluation_results": {
        "BERTScore": {
            "Precision": {
                "mean": 0.8857510089874268,
                "std": 0.023164181038737297
            },
            "Recall": {
                "mean": 0.861361026763916,
                "std": 0.02267877757549286
            },
            "F1": {
                "mean": 0.8732483983039856,
                "std": 0.020135177299380302
            }
        },
        "Category": {
            "Accuracy": 0.2777777777777778,
            "F1_weighted": 0.26681659638920224
        }
    }
}