{
    "model_name": "HuggingFaceTB/SmolVLM2-2.2B-Instruct",
    "model_load_time": 7.181187152862549,
    "total_time": 1772.4141025543213,
    "summary_inference": {
        "mean": 7.318191735946824,
        "min": 1.4568753242492676,
        "max": 30.460264205932617,
        "std": 4.862917025221326
    },
    "category_inference": {
        "mean": 5.051958897896799,
        "min": 0.43770599365234375,
        "max": 26.63803744316101,
        "std": 4.5039404254899
    },
    "evaluation_results": {
        "BERTScore": {
            "Precision": {
                "mean": 0.8844265937805176,
                "std": 0.02432604320347309
            },
            "Recall": {
                "mean": 0.8607587814331055,
                "std": 0.023799583315849304
            },
            "F1": {
                "mean": 0.8723047971725464,
                "std": 0.021619899198412895
            }
        },
        "Category": {
            "Accuracy": 0.25555555555555554,
            "F1_weighted": 0.2567841176536828
        }
    }
}