{
    "model_name": "HuggingFaceTB/SmolVLM2-2.2B-Instruct",
    "model_load_time": 3.2307024002075195,
    "total_time": 3217.6025223731995,
    "summary_inference": {
        "mean": 6.9686392462121605,
        "min": 1.322427749633789,
        "max": 28.609578371047974,
        "std": 4.61848426016831
    },
    "category_inference": {
        "mean": 4.892361089312282,
        "min": 0.4256405830383301,
        "max": 25.773606061935425,
        "std": 4.406228877385855
    },
    "evaluation_results": {
        "BERTScore": {
            "Precision": {
                "mean": 0.8844265937805176,
                "std": 0.02432604320347309
            },
            "Recall": {
                "mean": 0.8607587814331055,
                "std": 0.023799583315849304
            },
            "F1": {
                "mean": 0.8723047971725464,
                "std": 0.021619899198412895
            }
        },
        "Category": {
            "Accuracy": 0.25555555555555554,
            "F1_weighted": 0.2567841176536828
        }
    }
}