{
    "model_name": "HuggingFaceTB/SmolVLM2-2.2B-Instruct",
    "model_load_time": 2.9064717292785645,
    "total_time": 2005.8670382499695,
    "summary_inference": {
        "mean": 66.16772452522727,
        "min": 50.10871982574463,
        "max": 87.52491903305054,
        "std": 9.93457701904804
    },
    "category_inference": {
        "mean": 51.462202086168176,
        "min": 37.52161383628845,
        "max": 68.01747608184814,
        "std": 8.974387487656792
    },
    "evaluation_results": {
        "BERTScore": {
            "Precision": {
                "mean": 0.8840929269790649,
                "std": 0.023380611091852188
            },
            "Recall": {
                "mean": 0.8608216643333435,
                "std": 0.022356882691383362
            },
            "F1": {
                "mean": 0.8721857666969299,
                "std": 0.020510515198111534
            }
        },
        "Category": {
            "Accuracy": 0.25555555555555554,
            "F1_weighted": 0.25290619769324635
        }
    }
}