{
    "model_name": "HuggingFaceTB/SmolVLM2-2.2B-Instruct",
    "model_load_time": 2.8967645168304443,
    "total_time": 622.0429134368896,
    "summary_inference": {
        "mean": 25.032025070751416,
        "min": 22.27528667449951,
        "max": 28.90478515625,
        "std": 1.539487264332096
    },
    "category_inference": {
        "mean": 10.634540950550752,
        "min": 9.261888265609741,
        "max": 12.248210430145264,
        "std": 0.7448505291962211
    },
    "evaluation_results": {
        "BERTScore": {
            "Precision": {
                "mean": 0.8840929269790649,
                "std": 0.023380611091852188
            },
            "Recall": {
                "mean": 0.8608216643333435,
                "std": 0.022356882691383362
            },
            "F1": {
                "mean": 0.8721857666969299,
                "std": 0.020510515198111534
            }
        },
        "Category": {
            "Accuracy": 0.25555555555555554,
            "F1_weighted": 0.2602630247358863
        }
    }
}