{
    "model_name": "HuggingFaceTB/SmolVLM2-2.2B-Instruct",
    "model_load_time": 8.814897537231445,
    "total_time": 2882.787961244583,
    "summary_inference": {
        "mean": 6.970561546593134,
        "min": 0.7058069705963135,
        "max": 11.977925062179565,
        "std": 2.787392180420554
    },
    "category_inference": {
        "mean": 3.6343307239982914,
        "min": 0.6449387073516846,
        "max": 8.178036212921143,
        "std": 2.1116306799612556
    },
    "evaluation_results": {
        "BERTScore": {
            "Precision": {
                "mean": 0.8844353556632996,
                "std": 0.029711516574025154
            },
            "Recall": {
                "mean": 0.8551117777824402,
                "std": 0.02768411487340927
            },
            "F1": {
                "mean": 0.8692963123321533,
                "std": 0.024978909641504288
            }
        },
        "Category": {
            "Accuracy": 0.2037037037037037,
            "F1_weighted": 0.2379985207942197
        }
    }
}