{
    "model_name": "HuggingFaceTB/SmolVLM2-2.2B-Instruct",
    "model_load_time": 3.410799980163574,
    "total_time": 3283.4211192131042,
    "summary_inference": {
        "mean": 7.138699225394048,
        "min": 1.0197041034698486,
        "max": 28.265527486801147,
        "std": 4.616273567820438
    },
    "category_inference": {
        "mean": 4.964507921155528,
        "min": 0.4181492328643799,
        "max": 25.54611349105835,
        "std": 4.407199522682518
    },
    "evaluation_results": {
        "BERTScore": {
            "Precision": {
                "mean": 0.8832780718803406,
                "std": 0.023372899740934372
            },
            "Recall": {
                "mean": 0.8608338832855225,
                "std": 0.02360345982015133
            },
            "F1": {
                "mean": 0.8717921376228333,
                "std": 0.021143093705177307
            }
        },
        "Category": {
            "Accuracy": 0.25555555555555554,
            "F1_weighted": 0.2585090054178012
        }
    }
}